dhc_id,profile_url,search_url
579807,https://brownmed.org/provider-info?ID=1414,https://brownmed.org/find-a-provider/
579807,https://brownmed.org/provider-info?ID=1511,https://brownmed.org/find-a-provider/
579807,https://brownmed.org/provider-info?ID=1049,https://brownmed.org/find-a-provider/
579807,https://brownmed.org/provider-info?ID=418,https://brownmed.org/find-a-provider/
579807,https://brownmed.org/provider-info?ID=1574,https://brownmed.org/find-a-provider/
579807,https://brownmed.org/provider-info?ID=1363,https://brownmed.org/find-a-provider/
579807,https://brownmed.org/provider-info?ID=307,https://brownmed.org/find-a-provider/
579807,https://brownmed.org/provider-info?ID=1161,https://brownmed.org/find-a-provider/
579807,https://brownmed.org/provider-info?ID=571,https://brownmed.org/find-a-provider/
579807,https://brownmed.org/provider-info?ID=1346,https://brownmed.org/find-a-provider/
579807,https://brownmed.org/provider-info?ID=1503,https://brownmed.org/find-a-provider/
579807,https://brownmed.org/provider-info?ID=1271,https://brownmed.org/find-a-provider/
579807,https://brownmed.org/provider-info?ID=1132,https://brownmed.org/find-a-provider/
579807,https://brownmed.org/provider-info?ID=1489,https://brownmed.org/find-a-provider/
579807,https://brownmed.org/provider-info?ID=1413,https://brownmed.org/find-a-provider/
579807,https://brownmed.org/provider-info?ID=437,https://brownmed.org/find-a-provider/
579807,https://brownmed.org/provider-info?ID=1512,https://brownmed.org/find-a-provider/
579807,https://brownmed.org/provider-info?ID=496,https://brownmed.org/find-a-provider/
579807,https://brownmed.org/provider-info?ID=1468,https://brownmed.org/find-a-provider/
579807,https://brownmed.org/provider-info?ID=1568,https://brownmed.org/find-a-provider/
579807,https://brownmed.org/provider-info?ID=1313,https://brownmed.org/find-a-provider/
579807,https://brownmed.org/provider-info?ID=1118,https://brownmed.org/find-a-provider/
579807,https://brownmed.org/provider-info?ID=1134,https://brownmed.org/find-a-provider/
579807,https://brownmed.org/provider-info?ID=1127,https://brownmed.org/find-a-provider/
579807,https://brownmed.org/provider-info?ID=1470,https://brownmed.org/find-a-provider/
579807,https://brownmed.org/provider-info?ID=700,https://brownmed.org/find-a-provider/
579807,https://brownmed.org/provider-info?ID=586,https://brownmed.org/find-a-provider/
579807,https://brownmed.org/provider-info?ID=1342,https://brownmed.org/find-a-provider/
579807,https://brownmed.org/provider-info?ID=1307,https://brownmed.org/find-a-provider/
579807,https://brownmed.org/provider-info?ID=1109,https://brownmed.org/find-a-provider/
579807,https://brownmed.org/provider-info?ID=1491,https://brownmed.org/find-a-provider/
579807,https://brownmed.org/provider-info?ID=1417,https://brownmed.org/find-a-provider/
579807,https://brownmed.org/provider-info?ID=1311,https://brownmed.org/find-a-provider/
579807,https://brownmed.org/provider-info?ID=1092,https://brownmed.org/find-a-provider/
579807,https://brownmed.org/provider-info?ID=1567,https://brownmed.org/find-a-provider/
579807,https://brownmed.org/provider-info?ID=1526,https://brownmed.org/find-a-provider/
579807,https://brownmed.org/provider-info?ID=1304,https://brownmed.org/find-a-provider/
579807,https://brownmed.org/provider-info?ID=1462,https://brownmed.org/find-a-provider/
579807,https://brownmed.org/provider-info?ID=254,https://brownmed.org/find-a-provider/
579807,https://brownmed.org/provider-info?ID=1325,https://brownmed.org/find-a-provider/
579807,https://brownmed.org/provider-info?ID=1130,https://brownmed.org/find-a-provider/
579807,https://brownmed.org/provider-info?ID=257,https://brownmed.org/find-a-provider/
579807,https://brownmed.org/provider-info?ID=1398,https://brownmed.org/find-a-provider/
579807,https://brownmed.org/provider-info?ID=1119,https://brownmed.org/find-a-provider/
579807,https://brownmed.org/provider-info?ID=1404,https://brownmed.org/find-a-provider/
579807,https://brownmed.org/provider-info?ID=1043,https://brownmed.org/find-a-provider/
579807,https://brownmed.org/provider-info?ID=1573,https://brownmed.org/find-a-provider/
579807,https://brownmed.org/provider-info?ID=1140,https://brownmed.org/find-a-provider/
579807,https://brownmed.org/provider-info?ID=1078,https://brownmed.org/find-a-provider/
579807,https://brownmed.org/provider-info?ID=1407,https://brownmed.org/find-a-provider/
579807,https://brownmed.org/provider-info?ID=1560,https://brownmed.org/find-a-provider/
579807,https://brownmed.org/provider-info?ID=1086,https://brownmed.org/find-a-provider/
579807,https://brownmed.org/provider-info?ID=1085,https://brownmed.org/find-a-provider/
579807,https://brownmed.org/provider-info?ID=742,https://brownmed.org/find-a-provider/
579807,https://brownmed.org/provider-info?ID=363,https://brownmed.org/find-a-provider/
579807,https://brownmed.org/provider-info?ID=1448,https://brownmed.org/find-a-provider/
579807,https://brownmed.org/provider-info?ID=166,https://brownmed.org/find-a-provider/
579807,https://brownmed.org/provider-info?ID=1002,https://brownmed.org/find-a-provider/
579807,https://brownmed.org/provider-info?ID=1208,https://brownmed.org/find-a-provider/
579807,https://brownmed.org/provider-info?ID=1562,https://brownmed.org/find-a-provider/
579807,https://brownmed.org/provider-info?ID=1058,https://brownmed.org/find-a-provider/
579807,https://brownmed.org/provider-info?ID=1344,https://brownmed.org/find-a-provider/
579807,https://brownmed.org/provider-info?ID=1182,https://brownmed.org/find-a-provider/
579807,https://brownmed.org/provider-info?ID=1515,https://brownmed.org/find-a-provider/
579807,https://brownmed.org/provider-info?ID=1181,https://brownmed.org/find-a-provider/
579807,https://brownmed.org/provider-info?ID=1351,https://brownmed.org/find-a-provider/
579807,https://brownmed.org/provider-info?ID=661,https://brownmed.org/find-a-provider/
579807,https://brownmed.org/provider-info?ID=1427,https://brownmed.org/find-a-provider/
579807,https://brownmed.org/provider-info?ID=1452,https://brownmed.org/find-a-provider/
579807,https://brownmed.org/provider-info?ID=1531,https://brownmed.org/find-a-provider/
579807,https://brownmed.org/provider-info?ID=1343,https://brownmed.org/find-a-provider/
579807,https://brownmed.org/provider-info?ID=1478,https://brownmed.org/find-a-provider/
579807,https://brownmed.org/provider-info?ID=1112,https://brownmed.org/find-a-provider/
579807,https://brownmed.org/provider-info?ID=1320,https://brownmed.org/find-a-provider/
579807,https://brownmed.org/provider-info?ID=143,https://brownmed.org/find-a-provider/
579807,https://brownmed.org/provider-info?ID=790,https://brownmed.org/find-a-provider/
579807,https://brownmed.org/provider-info?ID=1465,https://brownmed.org/find-a-provider/
579807,https://brownmed.org/provider-info?ID=1524,https://brownmed.org/find-a-provider/
579807,https://brownmed.org/provider-info?ID=1476,https://brownmed.org/find-a-provider/
579807,https://brownmed.org/provider-info?ID=1541,https://brownmed.org/find-a-provider/
579807,https://brownmed.org/provider-info?ID=1401,https://brownmed.org/find-a-provider/
579807,https://brownmed.org/provider-info?ID=1341,https://brownmed.org/find-a-provider/
579807,https://brownmed.org/provider-info?ID=1312,https://brownmed.org/find-a-provider/
579807,https://brownmed.org/provider-info?ID=1241,https://brownmed.org/find-a-provider/
579807,https://brownmed.org/provider-info?ID=388,https://brownmed.org/find-a-provider/
579807,https://brownmed.org/provider-info?ID=1405,https://brownmed.org/find-a-provider/
579807,https://brownmed.org/provider-info?ID=356,https://brownmed.org/find-a-provider/
579807,https://brownmed.org/provider-info?ID=1528,https://brownmed.org/find-a-provider/
579807,https://brownmed.org/provider-info?ID=361,https://brownmed.org/find-a-provider/
579807,https://brownmed.org/provider-info?ID=1400,https://brownmed.org/find-a-provider/
579807,https://brownmed.org/provider-info?ID=1449,https://brownmed.org/find-a-provider/
579807,https://brownmed.org/provider-info?ID=1519,https://brownmed.org/find-a-provider/
579807,https://brownmed.org/provider-info?ID=1505,https://brownmed.org/find-a-provider/
579807,https://brownmed.org/provider-info?ID=1225,https://brownmed.org/find-a-provider/
579807,https://brownmed.org/provider-info?ID=1487,https://brownmed.org/find-a-provider/
579807,https://brownmed.org/provider-info?ID=1146,https://brownmed.org/find-a-provider/
579807,https://brownmed.org/provider-info?ID=19,https://brownmed.org/find-a-provider/
579807,https://brownmed.org/provider-info?ID=1532,https://brownmed.org/find-a-provider/
579807,https://brownmed.org/provider-info?ID=1170,https://brownmed.org/find-a-provider/
579807,https://brownmed.org/provider-info?ID=1517,https://brownmed.org/find-a-provider/
579807,https://brownmed.org/provider-info?ID=1510,https://brownmed.org/find-a-provider/
579807,https://brownmed.org/provider-info?ID=401,https://brownmed.org/find-a-provider/
579807,https://brownmed.org/provider-info?ID=1423,https://brownmed.org/find-a-provider/
579807,https://brownmed.org/provider-info?ID=1514,https://brownmed.org/find-a-provider/
579807,https://brownmed.org/provider-info?ID=1525,https://brownmed.org/find-a-provider/
579807,https://brownmed.org/provider-info?ID=1193,https://brownmed.org/find-a-provider/
579807,https://brownmed.org/provider-info?ID=1442,https://brownmed.org/find-a-provider/
579807,https://brownmed.org/provider-info?ID=1169,https://brownmed.org/find-a-provider/
579807,https://brownmed.org/provider-info?ID=227,https://brownmed.org/find-a-provider/
579807,https://brownmed.org/provider-info?ID=405,https://brownmed.org/find-a-provider/
579807,https://brownmed.org/provider-info?ID=1424,https://brownmed.org/find-a-provider/
579807,https://brownmed.org/provider-info?ID=1455,https://brownmed.org/find-a-provider/
579807,https://brownmed.org/provider-info?ID=610,https://brownmed.org/find-a-provider/
579807,https://brownmed.org/provider-info?ID=696,https://brownmed.org/find-a-provider/
579807,https://brownmed.org/provider-info?ID=579,https://brownmed.org/find-a-provider/
579807,https://brownmed.org/provider-info?ID=1180,https://brownmed.org/find-a-provider/
579807,https://brownmed.org/provider-info?ID=414,https://brownmed.org/find-a-provider/
579807,https://brownmed.org/provider-info?ID=1485,https://brownmed.org/find-a-provider/
579807,https://brownmed.org/provider-info?ID=1051,https://brownmed.org/find-a-provider/
579807,https://brownmed.org/provider-info?ID=1245,https://brownmed.org/find-a-provider/
579807,https://brownmed.org/provider-info?ID=1433,https://brownmed.org/find-a-provider/
579807,https://brownmed.org/provider-info?ID=1460,https://brownmed.org/find-a-provider/
579807,https://brownmed.org/provider-info?ID=1508,https://brownmed.org/find-a-provider/
579807,https://brownmed.org/provider-info?ID=1451,https://brownmed.org/find-a-provider/
579807,https://brownmed.org/provider-info?ID=1463,https://brownmed.org/find-a-provider/
579807,https://brownmed.org/provider-info?ID=1386,https://brownmed.org/find-a-provider/
579807,https://brownmed.org/provider-info?ID=1486,https://brownmed.org/find-a-provider/
579807,https://brownmed.org/provider-info?ID=676,https://brownmed.org/find-a-provider/
579807,https://brownmed.org/provider-info?ID=454,https://brownmed.org/find-a-provider/
579807,https://brownmed.org/provider-info?ID=1385,https://brownmed.org/find-a-provider/
579807,https://brownmed.org/provider-info?ID=1340,https://brownmed.org/find-a-provider/
579807,https://brownmed.org/provider-info?ID=1575,https://brownmed.org/find-a-provider/
579807,https://brownmed.org/provider-info?ID=1571,https://brownmed.org/find-a-provider/
579807,https://brownmed.org/provider-info?ID=1178,https://brownmed.org/find-a-provider/
579807,https://brownmed.org/provider-info?ID=1270,https://brownmed.org/find-a-provider/
579807,https://brownmed.org/provider-info?ID=1490,https://brownmed.org/find-a-provider/
579807,https://brownmed.org/provider-info?ID=1120,https://brownmed.org/find-a-provider/
579807,https://brownmed.org/provider-info?ID=373,https://brownmed.org/find-a-provider/
579807,https://brownmed.org/provider-info?ID=1467,https://brownmed.org/find-a-provider/
579807,https://brownmed.org/provider-info?ID=1203,https://brownmed.org/find-a-provider/
579807,https://brownmed.org/provider-info?ID=18,https://brownmed.org/find-a-provider/
579807,https://brownmed.org/provider-info?ID=1220,https://brownmed.org/find-a-provider/
579807,https://brownmed.org/provider-info?ID=1275,https://brownmed.org/find-a-provider/
579807,https://brownmed.org/provider-info?ID=1029,https://brownmed.org/find-a-provider/
579807,https://brownmed.org/provider-info?ID=1447,https://brownmed.org/find-a-provider/
579807,https://brownmed.org/provider-info?ID=688,https://brownmed.org/find-a-provider/
579807,https://brownmed.org/provider-info?ID=1274,https://brownmed.org/find-a-provider/
579807,https://brownmed.org/provider-info?ID=1201,https://brownmed.org/find-a-provider/
579807,https://brownmed.org/provider-info?ID=1458,https://brownmed.org/find-a-provider/
579807,https://brownmed.org/provider-info?ID=702,https://brownmed.org/find-a-provider/
579807,https://brownmed.org/provider-info?ID=1484,https://brownmed.org/find-a-provider/
579807,https://brownmed.org/provider-info?ID=784,https://brownmed.org/find-a-provider/
579807,https://brownmed.org/provider-info?ID=1348,https://brownmed.org/find-a-provider/
579807,https://brownmed.org/provider-info?ID=1416,https://brownmed.org/find-a-provider/
579807,https://brownmed.org/provider-info?ID=677,https://brownmed.org/find-a-provider/
579807,https://brownmed.org/provider-info?ID=333,https://brownmed.org/find-a-provider/
579807,https://brownmed.org/provider-info?ID=1026,https://brownmed.org/find-a-provider/
579807,https://brownmed.org/provider-info?ID=1471,https://brownmed.org/find-a-provider/
579807,https://brownmed.org/provider-info?ID=828,https://brownmed.org/find-a-provider/
579807,https://brownmed.org/provider-info?ID=1518,https://brownmed.org/find-a-provider/
579807,https://brownmed.org/provider-info?ID=1475,https://brownmed.org/find-a-provider/
579807,https://brownmed.org/provider-info?ID=367,https://brownmed.org/find-a-provider/
579807,https://brownmed.org/provider-info?ID=110,https://brownmed.org/find-a-provider/
579807,https://brownmed.org/provider-info?ID=1521,https://brownmed.org/find-a-provider/
579807,https://brownmed.org/provider-info?ID=1539,https://brownmed.org/find-a-provider/
579807,https://brownmed.org/provider-info?ID=1492,https://brownmed.org/find-a-provider/
579807,https://brownmed.org/provider-info?ID=1336,https://brownmed.org/find-a-provider/
579807,https://brownmed.org/provider-info?ID=1037,https://brownmed.org/find-a-provider/
579807,https://brownmed.org/provider-info?ID=1418,https://brownmed.org/find-a-provider/
579807,https://brownmed.org/provider-info?ID=1425,https://brownmed.org/find-a-provider/
579807,https://brownmed.org/provider-info?ID=1349,https://brownmed.org/find-a-provider/
579807,https://brownmed.org/provider-info?ID=1473,https://brownmed.org/find-a-provider/
579807,https://brownmed.org/provider-info?ID=1564,https://brownmed.org/find-a-provider/
579807,https://brownmed.org/provider-info?ID=1017,https://brownmed.org/find-a-provider/
579807,https://brownmed.org/provider-info?ID=1221,https://brownmed.org/find-a-provider/
579807,https://brownmed.org/provider-info?ID=1481,https://brownmed.org/find-a-provider/
579807,https://brownmed.org/provider-info?ID=845,https://brownmed.org/find-a-provider/
579807,https://brownmed.org/provider-info?ID=1495,https://brownmed.org/find-a-provider/
579807,https://brownmed.org/provider-info?ID=1384,https://brownmed.org/find-a-provider/
579807,https://brownmed.org/provider-info?ID=1435,https://brownmed.org/find-a-provider/
579807,https://brownmed.org/provider-info?ID=1477,https://brownmed.org/find-a-provider/
579807,https://brownmed.org/provider-info?ID=1252,https://brownmed.org/find-a-provider/
579807,https://brownmed.org/provider-info?ID=1104,https://brownmed.org/find-a-provider/
579807,https://brownmed.org/provider-info?ID=1565,https://brownmed.org/find-a-provider/
579807,https://brownmed.org/provider-info?ID=1229,https://brownmed.org/find-a-provider/
579807,https://brownmed.org/provider-info?ID=1480,https://brownmed.org/find-a-provider/
579807,https://brownmed.org/provider-info?ID=1084,https://brownmed.org/find-a-provider/
579807,https://brownmed.org/provider-info?ID=236,https://brownmed.org/find-a-provider/
579807,https://brownmed.org/provider-info?ID=420,https://brownmed.org/find-a-provider/
579807,https://brownmed.org/provider-info?ID=1228,https://brownmed.org/find-a-provider/
579807,https://brownmed.org/provider-info?ID=1540,https://brownmed.org/find-a-provider/
579807,https://brownmed.org/provider-info?ID=1509,https://brownmed.org/find-a-provider/
579807,https://brownmed.org/provider-info?ID=708,https://brownmed.org/find-a-provider/
579807,https://brownmed.org/provider-info?ID=1523,https://brownmed.org/find-a-provider/
579807,https://brownmed.org/provider-info?ID=1454,https://brownmed.org/find-a-provider/
579807,https://brownmed.org/provider-info?ID=1028,https://brownmed.org/find-a-provider/
579807,https://brownmed.org/provider-info?ID=1516,https://brownmed.org/find-a-provider/
579807,https://brownmed.org/provider-info?ID=1501,https://brownmed.org/find-a-provider/
579807,https://brownmed.org/provider-info?ID=1464,https://brownmed.org/find-a-provider/
579807,https://brownmed.org/provider-info?ID=1479,https://brownmed.org/find-a-provider/
579807,https://brownmed.org/provider-info?ID=1352,https://brownmed.org/find-a-provider/
579807,https://brownmed.org/provider-info?ID=1561,https://brownmed.org/find-a-provider/
579807,https://brownmed.org/provider-info?ID=1502,https://brownmed.org/find-a-provider/
579807,https://brownmed.org/provider-info?ID=1522,https://brownmed.org/find-a-provider/
579807,https://brownmed.org/provider-info?ID=1251,https://brownmed.org/find-a-provider/
579807,https://brownmed.org/provider-info?ID=1533,https://brownmed.org/find-a-provider/
579807,https://brownmed.org/provider-info?ID=1431,https://brownmed.org/find-a-provider/
579807,https://brownmed.org/provider-info?ID=1081,https://brownmed.org/find-a-provider/
579807,https://brownmed.org/provider-info?ID=1145,https://brownmed.org/find-a-provider/
579807,https://brownmed.org/provider-info?ID=1014,https://brownmed.org/find-a-provider/
579807,https://brownmed.org/provider-info?ID=782,https://brownmed.org/find-a-provider/
579807,https://brownmed.org/provider-info?ID=1354,https://brownmed.org/find-a-provider/
